,user_id,reading_session,article_id,scroll_range,max_offset,ratio,displayedWords,reading_duration,numberOfWords,numOfScroll,freScroll,reading_speed,label
47,1.0,51f224c5-1bc4-4d88-b77e-5130f6b224ec,36294939.0,6092.0,4982.0,0.8178,2083.7544,826.0,2548,260.0,0.314769976,151.3623051,3
291,259.0,147b53b5-bffe-4cff-9b03-0b051fb32de7,37491982.0,3406.0,1580.0,0.4639,961.2008,1161.0,2072,158.0,0.13608957800000002,49.67445995,3
66,1.0,76128804-bac8-4f89-a0fb-373567d57ef8,36295622.0,2956.0,1846.0,0.6245,1142.835,1966.0,1830,35.0,0.017802645,34.87797558,3
748,428.0,eb35eeac-f294-44a4-ae4a-f4472c04f268,45462999.0,2544.0,346.0,0.136,382.16,57.0,2810,45.0,0.7894736840000001,402.2736842,2
225,250.0,25e0ef2f-e5e6-4370-b7dd-5e2f4d38114a,36786481.0,5712.0,1433.0,0.2509,1195.2876,29.0,4764,63.0,2.172413793,2473.008828,2
498,379.0,a9dd39f7-df8c-4a93-b7a6-d37d5058e57e,41772372.0,10131.0,449.0,0.0443,433.8299,13.0,9793,31.0,2.384615385,2002.291846,2
494,379.0,1a9430f5-498f-4f78-aec6-ca92414024f5,41788898.0,11604.0,470.0,0.0405,143.4915,18.0,3543,39.0,2.166666667,478.305,2
492,377.0,a2c531a9-0202-4b18-a4ab-054a17a1983f,41684111.0,4546.0,680.0,0.1496,405.7152,11.0,2712,12.0,1.0909090909999999,2212.992,2
232,250.0,43520516-39a9-449a-9c1c-71aaa91ad32f,36754229.0,1731.0,66.0,0.0381,62.2935,29.0,1635,11.0,0.379310345,128.8831034,2
490,377.0,32c05cda-c5f3-417f-902c-5d1761b9089d,41683713.0,5688.0,700.0,0.1231,417.309,3.0,3390,4.0,1.333333333,8346.18,2
234,250.0,5d068e98-43c8-4ff9-8026-9221f89e4a26,36778350.0,10044.0,2527.0,0.2516,714.7956,28.0,2841,131.0,4.678571429,1531.704857,2
489,377.0,32c05cda-c5f3-417f-902c-5d1761b9089d,41683713.0,5284.0,685.0,0.1296,439.344,3.0,3390,19.0,6.333333333,8786.88,2
484,364.0,39929020-e031-4b4b-b8b6-4a29dd2f3e24,40582046.0,12165.0,1960.0,0.1611,562.5612,16.0,3492,63.0,3.9375,2109.6045,2
238,250.0,608ae910-d7a0-4d8f-8d32-1e6e0ba04688,36719561.0,7998.0,557.0,0.0696,185.7624,37.0,2669,59.0,1.594594595,301.23632430000004,2
481,357.0,779166b0-c142-4ac6-b0e2-74adc7b3c9c6,40592450.0,2175.0,507.0,0.2331,263.6361,9.0,1131,40.0,4.444444444,1757.5739999999998,2
480,356.0,f61a3bda-822d-41d1-ba70-368cca418dc5,40051032.0,2409.0,585.0,0.2428,310.5412,17.0,1279,20.0,1.176470588,1096.027765,2
479,356.0,d1b377c9-8172-4bc6-9102-0b4ff53ee1e1,40652803.0,4077.0,2253.0,0.5526,951.5772,34.0,1722,82.0,2.411764706,1679.253882,2
476,356.0,bdebfad9-d621-4c91-9eab-1b0284e876c5,40673053.0,2751.0,783.0,0.2846,375.67199999999997,7.0,1320,43.0,6.142857143,3220.045714,2
475,356.0,afa8f904-bfa9-40bb-8c0a-d26c75d5caa7,40609989.0,2265.0,441.0,0.1947,225.6573,85.0,1159,20.0,0.235294118,159.2875059,2
474,356.0,87ccb1cb-2cd2-4538-9b5d-e417c83b6c64,40669333.0,2655.0,831.0,0.313,403.144,39.0,1288,34.0,0.871794872,620.2215385,2
249,250.0,8ce51d10-7fa5-452f-88eb-02618369e008,36702468.0,3531.0,1866.0,0.5285,1048.5439999999999,397.0,1984,1.0,0.002518892,158.4701259,2
473,356.0,8681e5c0-d575-4397-87f4-1a4558829985,40598351.0,2689.0,933.0,0.34700000000000003,445.20099999999996,23.0,1283,63.0,2.739130435,1161.393913,2
470,356.0,57425a68-c99b-4a0d-ac2e-8c67f4e83616,40622623.0,3291.0,668.0,0.203,264.915,15.0,1305,36.0,2.4,1059.66,2
252,250.0,aa948803-9b2d-4563-a782-8061470e3403,36698055.0,2940.0,1275.0,0.4337,742.9281,88.0,1713,38.0,0.43181818200000005,506.5418864,2
469,356.0,57425a68-c99b-4a0d-ac2e-8c67f4e83616,40622173.0,2028.0,204.0,0.1006,106.63600000000001,14.0,1060,7.0,0.5,457.01142860000004,2
501,379.0,ca0ccb3f-a820-44dc-bde0-da8205f4c21d,41807702.0,2545.0,1098.0,0.4314,685.926,26.0,1590,134.0,5.153846154,1582.906154,2
224,250.0,25e0ef2f-e5e6-4370-b7dd-5e2f4d38114a,36786481.0,5124.0,165.0,0.0322,153.4008,29.0,4764,19.0,0.655172414,317.3809655,2
258,250.0,cbb60f43-967b-4338-a3df-4b8834f02906,36711711.0,1869.0,204.0,0.1091,185.5791,28.0,1701,57.0,2.035714286,397.6695,2
502,380.0,30d3b109-cf78-46e7-9b95-731a6f252071,42715147.0,13311.0,2153.0,0.1617,549.6183,12.0,3399,57.0,4.75,2748.0915,2
548,389.0,318570ab-c3c5-4393-bf0c-40a5cecc1e74,42826915.0,4385.0,229.0,0.0522,133.1622,24.0,2551,20.0,0.833333333,332.9055,2
191,125.0,f00a9c32-e92e-4f26-9b81-8ef4d699482b,36713699.0,2953.0,174.0,0.0589,119.56700000000001,33.0,2030,41.0,1.242424242,217.39454550000002,2
547,389.0,318570ab-c3c5-4393-bf0c-40a5cecc1e74,42821938.0,3902.0,752.0,0.1927,478.2814,13.0,2482,37.0,2.8461538460000004,2207.4526149999997,2
341,261.0,2e5fd721-9cf8-4512-a918-ee43dcd01a9f,36774751.0,9876.0,222.0,0.0225,49.77,13.0,2212,52.0,4.0,229.7076923,2
540,386.0,3ff86310-1ad7-43f2-a5b5-eb8d7959dd08,42786749.0,16520.0,128.0,0.0077,22.9075,98.0,2975,5.0,0.051020407999999996,14.025,2
196,126.0,36c808dc-abe0-4e2d-a0b1-bd6e28b3379c,36710828.0,1774.0,664.0,0.3743,662.1367,36.0,1769,118.0,3.277777778,1103.561167,2
538,386.0,3ff86310-1ad7-43f2-a5b5-eb8d7959dd08,42786749.0,16220.0,161.0,0.0099,29.4525,98.0,2975,23.0,0.234693878,18.03214286,2
532,385.0,98f10109-a707-4dc0-a65f-ed55a0f4e5f4,42826915.0,6276.0,1785.0,0.2844,725.5044,23.0,2551,76.0,3.3043478260000003,1892.620174,2
527,385.0,44abeeef-74e6-4df5-9182-1e55fada70a9,42782785.0,3915.0,1244.0,0.3178,570.1332,11.0,1794,34.0,3.0909090910000003,3109.817455,2
526,385.0,2c9c06d9-eddf-46a9-bc19-bf55b4f241aa,42800271.0,9129.0,2004.0,0.2195,653.6709999999999,37.0,2978,82.0,2.216216216,1060.0070269999999,2
208,128.0,2e687d20-677c-47dd-8914-91dcf7ec9562,36590813.0,4404.0,2180.0,0.495,660.33,29.0,1334,121.0,4.1724137930000005,1366.2,2
524,385.0,2c9c06d9-eddf-46a9-bc19-bf55b4f241aa,42787529.0,5412.0,1167.0,0.2156,529.7292,17.0,2457,37.0,2.176470588,1869.6324710000001,2
212,130.0,1c23085d-0e52-494d-b85c-3fa8a10daabd,36594086.0,2331.0,807.0,0.3462,573.3072,16.0,1656,113.0,7.0625,2149.902,2
213,130.0,1f4d5c38-84d1-4644-99f7-b3876d866ef4,36671336.0,1611.0,87.0,0.054000000000000006,84.402,12.0,1563,8.0,0.666666667,422.01,2
523,385.0,2c9c06d9-eddf-46a9-bc19-bf55b4f241aa,42787529.0,4803.0,229.0,0.0477,117.1989,17.0,2457,24.0,1.411764706,413.64317650000004,2
520,381.0,aa261d12-0fa8-4831-b0f1-1c82c8c334e5,42732304.0,1797.0,350.0,0.1948,770.434,17.0,3955,15.0,0.882352941,2719.1788239999996,2
517,381.0,56dff423-9b67-4ecd-a0ac-fdfac97bf877,42733993.0,2983.0,98.0,0.0329,75.8016,9.0,2304,15.0,1.6666666669999999,505.344,2
513,381.0,18f1c6a6-90fc-441d-8c18-edc643af9a28,42767657.0,5955.0,1203.0,0.20199999999999999,558.934,11.0,2767,40.0,3.6363636360000005,3048.730909,2
512,380.0,f7d4b81d-7395-4da1-8240-264859063811,42724380.0,9063.0,172.0,0.019,61.104,10.0,3216,15.0,1.5,366.624,2
511,380.0,e4b28ee7-3119-4782-be77-a80832bff04d,42766623.0,8687.0,2221.0,0.2557,797.2726,8.0,3118,55.0,6.875,5979.5445,2
510,380.0,b36e87f0-afbf-4e05-9ed0-232d77e6abc9,42741465.0,4647.0,1252.0,0.2694,679.4268,15.0,2522,101.0,6.733333332999999,2717.7072,2
461,305.0,4e26856a-7c84-441d-9a1d-69215f0b762a,37638631.0,2148.0,96.0,0.0447,76.4817,26.0,1711,47.0,1.807692308,176.4962308,2
458,304.0,311448ec-24bc-42e0-8c5d-d7d4b1880047,37574256.0,3044.0,824.0,0.2707,494.5689,40.0,1827,51.0,1.275,741.85335,2
459,304.0,9d5f18cf-1fb3-4267-9efa-3d59f40e8143,37321656.0,13440.0,348.0,0.0259,74.4107,25.0,2873,17.0,0.68,178.58568,2
186,125.0,6b82f256-a283-46f9-be1c-f69e3c4895d9,36699642.0,8421.0,2646.0,0.3142,754.3942,112.0,2401,97.0,0.8660714290000001,404.13975,2
299,259.0,4d3a069a-b7e5-4964-8b94-fdb4f9b13a29,37109170.0,4138.0,409.0,0.0988,230.7968,16.0,2336,73.0,4.5625,865.488,2
384,261.0,858ff2d9-4b66-44ec-8b27-614bc832d176,36818055.0,9188.0,962.0,0.1047,236.0985,26.0,2255,92.0,3.538461538,544.8426923,2
379,261.0,80515f53-d41c-4e14-b249-683adddc657c,36742640.0,3424.0,1368.0,0.3995,784.618,31.0,1964,97.0,3.129032258,1518.615484,2
366,261.0,507e54ef-c191-46cb-b513-8642e15d21e5,36844425.0,20884.0,45.0,0.0022,3.839,24.0,1745,25.0,1.041666667,9.5975,2
365,261.0,507e54ef-c191-46cb-b513-8642e15d21e5,36844425.0,3184.0,1128.0,0.3543,618.2535,24.0,1745,73.0,3.041666667,1545.63375,2
307,259.0,82757cc2-2141-4796-be3d-95eaac2e43ed,37237513.0,5952.0,869.0,0.146,389.236,27.0,2666,57.0,2.111111111,864.9688889,2
308,259.0,82757cc2-2141-4796-be3d-95eaac2e43ed,37239677.0,2402.0,1292.0,0.5379,967.1442,29.0,1798,55.0,1.896551724,2000.9879999999998,2
309,259.0,82757cc2-2141-4796-be3d-95eaac2e43ed,37239683.0,1138.0,28.0,0.0246,39.5814,14.0,1609,4.0,0.28571428600000004,169.63457140000003,2
310,259.0,8ec49700-acff-46b1-b935-ff7f36af8c7b,36827725.0,1284.0,132.0,0.1028,177.5356,12.0,1727,27.0,2.25,887.678,2
362,261.0,507e54ef-c191-46cb-b513-8642e15d21e5,36843071.0,4148.0,1412.0,0.3404,607.9544,8.0,1786,41.0,5.125,4559.657999999999,2
312,259.0,9d82de59-0e76-4eba-9783-f3ad0e782827,36829574.0,3422.0,558.0,0.1631,331.5823,429.0,2033,49.0,0.11421911400000001,46.37514685,2
314,259.0,a13d8dca-062c-41af-9193-69e1dc1d7ae3,36794888.0,1830.0,720.0,0.3934,679.7952,14.0,1728,47.0,3.357142857,2913.408,2
359,261.0,46b26fe9-956b-4b8c-b7cb-2c56fbaa4ce4,36744470.0,6944.0,622.0,0.0896,169.7024,10.0,1894,23.0,2.3,1018.2144,2
316,259.0,a6201a15-8f8a-445d-a34a-b85dfb32306a,36706761.0,1300.0,190.0,0.1462,242.2534,19.0,1657,90.0,4.736842105,765.0107368,2
317,259.0,b97a80b7-2580-4470-80e3-2689ebda786f,36697713.0,1678.0,338.0,0.2014,354.0612,17.0,1758,117.0,6.882352941000001,1249.627765,2
320,259.0,e2f4c2a9-14b6-474b-ab60-db95aeb15582,36695497.0,1590.0,480.0,0.3019,414.5087,9.0,1373,51.0,5.666666667,2763.391333,2
356,261.0,4569a65a-f017-4a0b-b460-47c055243be1,36951279.0,3432.0,805.0,0.2346,410.0808,16.0,1748,36.0,2.25,1537.8029999999999,2
324,260.0,2667fac6-1038-4547-b281-9fa41d6dd49f,36726880.0,4036.0,1812.0,0.449,597.17,32.0,1330,43.0,1.34375,1119.69375,2
350,261.0,4539e2e3-90e9-419b-acd1-1597fbe4f42d,36763572.0,5316.0,227.0,0.0427,157.99,36.0,3700,23.0,0.638888889,263.3166667,2
349,261.0,4539e2e3-90e9-419b-acd1-1597fbe4f42d,36763572.0,5316.0,227.0,0.0427,157.99,14.0,3700,23.0,1.642857143,677.1,2
337,261.0,2a13ccc4-8935-4375-b340-d04f927884ad,36756917.0,6420.0,1560.0,0.243,904.689,22.0,3723,81.0,3.6818181819999998,2467.333636,2
387,261.0,858ff2d9-4b66-44ec-8b27-614bc832d176,36819182.0,3780.0,1724.0,0.4561,825.0849,67.0,1809,82.0,1.223880597,738.882,2
388,261.0,858ff2d9-4b66-44ec-8b27-614bc832d176,36819182.0,23004.0,215.0,0.0093,16.8237,67.0,1809,27.0,0.402985075,15.065999999999999,2
296,259.0,2945e0de-ceb8-4757-ae84-833e5086b1d4,36697443.0,1748.0,638.0,0.365,647.875,19.0,1775,58.0,3.052631579,2045.921053,2
411,261.0,f60b1224-8ec2-469f-818c-205edeb1f07c,36701515.0,8200.0,1721.0,0.2099,426.097,17.0,2030,79.0,4.647058824,1503.871765,2
457,304.0,311448ec-24bc-42e0-8c5d-d7d4b1880047,37573938.0,3392.0,1172.0,0.3455,638.1385,68.0,1847,65.0,0.955882353,563.0633824,2
449,303.0,7e3a884b-f64f-43e4-ad2b-7c3390390841,37563250.0,8061.0,1852.0,0.2297,532.4446,27.0,2318,131.0,4.851851852,1183.2102220000002,2
448,303.0,126b473e-8f70-4777-bac9-d7459f208708,37582558.0,2160.0,495.0,0.2292,467.1096,27.0,2038,145.0,5.37037037,1038.021333,2
439,299.0,c21c569f-6d83-4b82-be73-22cf0a997297,37518681.0,2974.0,1958.0,0.6584,1219.3568,13.0,1852,54.0,4.153846154,5627.800615,2
436,268.0,d9eb0cea-94da-4fe3-8262-47bf40ebf89b,37314230.0,2330.0,450.0,0.1931,349.1248,66.0,1808,51.0,0.772727273,317.3861818,2
424,262.0,0a5c90d0-e6fc-49f6-a470-669f25b957f5,36805657.0,6416.0,1335.0,0.2081,431.1832,9.0,2072,29.0,3.222222222,2874.5546670000003,2
421,262.0,0a5c90d0-e6fc-49f6-a470-669f25b957f5,36801346.0,52180.0,1201.0,0.023,77.119,30.0,3353,56.0,1.8666666669999998,154.238,2
420,262.0,0a5c90d0-e6fc-49f6-a470-669f25b957f5,36801346.0,52180.0,1201.0,0.023,77.119,14.0,3353,56.0,4.0,330.51,2
414,261.0,f8cccb74-12d4-49c8-9e7c-7f24092ce84d,36776114.0,3432.0,1376.0,0.4009,654.2688,26.0,1632,95.0,3.6538461539999996,1509.851077,2
407,261.0,de464539-c74c-45d3-9b19-2aa06d91f421,36903865.0,7688.0,564.0,0.0734,155.975,9.0,2125,13.0,1.4444444440000002,1039.833333,2
295,259.0,2945e0de-ceb8-4757-ae84-833e5086b1d4,36697323.0,1482.0,372.0,0.251,410.63599999999997,20.0,1636,75.0,3.75,1231.9080000000001,2
280,251.0,fb1b1b64-97d7-454a-82ef-5f39244c37ce,36660133.0,10388.0,739.0,0.0711,224.0361,91.0,3151,53.0,0.582417582,147.71610990000002,2
282,258.0,06a293bb-c63d-44ca-89bb-b253c3e69b1d,36702468.0,3606.0,333.0,0.0923,183.1232,28.0,1984,48.0,1.714285714,392.4068571,2
283,258.0,e88a195c-fb76-49a6-9fe9-8f67c2f3d76e,36717050.0,2268.0,600.0,0.2646,474.1632,62.0,1792,35.0,0.564516129,458.8676129,2
392,261.0,858ff2d9-4b66-44ec-8b27-614bc832d176,36819182.0,30616.0,1774.0,0.0579,104.7411,67.0,1809,98.0,1.4626865669999998,93.79799999999999,2
391,261.0,858ff2d9-4b66-44ec-8b27-614bc832d176,36819182.0,30612.0,3358.0,0.1097,198.4473,67.0,1809,195.0,2.9104477610000004,177.71400000000003,2
390,261.0,858ff2d9-4b66-44ec-8b27-614bc832d176,36819182.0,27952.0,568.0,0.0203,36.7227,67.0,1809,5.0,0.074626866,32.885999999999996,2
389,261.0,858ff2d9-4b66-44ec-8b27-614bc832d176,36819182.0,26420.0,554.0,0.021,37.989000000000004,67.0,1809,17.0,0.253731343,34.02,2
290,259.0,0e81172b-0532-4f3c-a57a-e2cf20ce109f,37003819.0,3672.0,101.0,0.0275,57.915,15.0,2106,29.0,1.9333333330000002,231.66,2
292,259.0,172369d8-618e-4041-b974-232fcd2965db,36770136.0,1732.0,622.0,0.3591,610.1109,16.0,1699,73.0,4.5625,2287.915875,2
555,390.0,7de36bfb-7329-410a-a618-ec862a03accd,42809865.0,4410.0,1871.0,0.4243,1107.423,14.0,2610,40.0,2.857142857,4746.098571,2
541,386.0,3ff86310-1ad7-43f2-a5b5-eb8d7959dd08,42786749.0,19764.0,144.0,0.0073,21.7175,98.0,2975,55.0,0.56122449,13.29642857,2
185,125.0,6b82f256-a283-46f9-be1c-f69e3c4895d9,36676576.0,2355.0,690.0,0.293,382.07199999999995,18.0,1304,70.0,3.888888889,1273.573333,2
116,1.0,cfb14bdc-8b61-4bdb-af79-1a5be077a1ef,36320833.0,4868.0,3589.0,0.7373,1279.2155,10.0,1735,55.0,5.5,7675.293000000001,2
62,1.0,7538075d-1935-4d01-9845-7678ad459ccc,36327353.0,2384.0,1274.0,0.5344,791.9808,9.0,1482,32.0,3.5555555560000003,5279.871999999999,2
63,1.0,759ff4f5-d2c7-495d-9076-5f81b4c95cec,36293324.0,5676.0,1077.0,0.1897,644.0315,137.0,3395,23.0,0.167883212,282.0575912,2
65,1.0,76128804-bac8-4f89-a0fb-373567d57ef8,36295622.0,2956.0,1846.0,0.6245,1142.835,74.0,1830,35.0,0.47297297299999996,926.622973,2
71,1.0,84dcfad2-3e0e-479a-baf1-dac635dd7ef4,40403434.0,11054.0,780.0,0.0706,277.811,6.0,3935,32.0,5.333333333,2778.11,2
74,1.0,8797b1de-4c78-4cd5-a4a4-98bd53015b8d,38907492.0,7798.0,586.0,0.0751,255.5653,10.0,3403,4.0,0.4,1533.3918,2
665,411.0,642b557c-a5c2-4aa9-b90a-92f18c688606,44164137.0,1452.0,72.0,0.0496,643.6592,42.0,12977,16.0,0.380952381,919.5131428999999,2
664,411.0,642b557c-a5c2-4aa9-b90a-92f18c688606,44163575.0,27081.0,3165.0,0.1169,413.4753,175.0,3537,123.0,0.702857143,141.76296000000002,2
81,1.0,9fff90ee-533b-4dcc-a02f-0d552aab3cd5,37515057.0,7886.0,393.0,0.0498,166.1826,200.0,3337,4.0,0.02,49.85478,2
82,1.0,a13811e3-f455-4078-a03a-33cdc93a50d4,40386827.0,2932.0,732.0,0.2497,590.2908,4.0,2364,17.0,4.25,8854.362,2
84,1.0,a6993850-3491-4935-9540-cd1eb8d10f9c,38568116.0,4220.0,1857.0,0.44,1020.36,27.0,2319,46.0,1.703703704,2267.466667,2
644,408.0,21fdce87-e698-49c7-bf62-7aa2ac03220c,44021829.0,16302.0,1072.0,0.0658,181.2132,53.0,2754,38.0,0.716981132,205.1470189,2
89,1.0,a9d5d261-57ae-4716-a30a-92699409ce3c,36328464.0,2642.0,1532.0,0.5799,907.5435,4.0,1565,24.0,6.0,13613.1525,2
643,408.0,21fdce87-e698-49c7-bf62-7aa2ac03220c,44021829.0,13597.0,817.0,0.0601,165.5154,53.0,2754,37.0,0.698113208,187.37592450000002,2
642,408.0,21fdce87-e698-49c7-bf62-7aa2ac03220c,44021829.0,11520.0,929.0,0.0806,221.9724,53.0,2754,25.0,0.471698113,251.28950940000001,2
98,1.0,c1157896-84cb-469e-9f22-bc1030dcc105,36516823.0,5396.0,1184.0,0.2194,506.1558,6.0,2307,26.0,4.333333333,5061.558,2
641,408.0,21fdce87-e698-49c7-bf62-7aa2ac03220c,44021829.0,9592.0,703.0,0.0733,201.8682,53.0,2754,14.0,0.264150943,228.53003769999998,2
100,1.0,c4281807-6d7a-47f0-915d-87d2e0b38964,40394074.0,2474.0,319.0,0.1289,296.7278,3.0,2302,4.0,1.333333333,5934.556,2
633,407.0,f8700433-35d8-4aa0-b1f2-63d8b88715a0,44029224.0,4608.0,1639.0,0.3557,654.488,35.0,1840,147.0,4.2,1121.979429,2
631,407.0,f8700433-35d8-4aa0-b1f2-63d8b88715a0,44026548.0,9627.0,1477.0,0.1534,486.8916,25.0,3174,170.0,6.8,1168.5398400000001,2
669,411.0,9a4d6651-639a-4f9c-b974-6130abd35ab6,44151239.0,2712.0,1332.0,0.4912,1178.88,11.0,2400,64.0,5.818181817999999,6430.254545000001,2
59,1.0,7538075d-1935-4d01-9845-7678ad459ccc,36326675.0,2388.0,1278.0,0.5352,894.8544,9.0,1672,22.0,2.444444444,5965.696,2
58,1.0,7538075d-1935-4d01-9845-7678ad459ccc,36323968.0,2476.0,1366.0,0.5517,708.3828,4.0,1284,11.0,2.75,10625.742,2
27,1.0,2addd3bf-6963-4fe2-9e42-cd72e98d6992,34773858.0,5576.0,1758.0,0.3153,679.7868,4.0,2156,30.0,7.5,10196.802,2
13,1.0,143f973d-1385-4c29-a639-676c0457f8ba,34067609.0,2596.0,702.0,0.2704,403.9776,4.0,1494,25.0,6.25,6059.664000000001,2
722,423.0,b0c25ded-18c3-4654-a57e-522c660dcac1,44167000.0,2645.0,898.0,0.3395,761.8380000000001,35.0,2244,131.0,3.742857143,1306.008,2
19,1.0,1d1e4635-3ffd-44a5-a59e-787d64d1270a,36392084.0,19906.0,576.0,0.0289,54.3898,35.0,1882,36.0,1.028571429,93.23965714,2
20,1.0,1d1e4635-3ffd-44a5-a59e-787d64d1270a,36392084.0,20094.0,1915.0,0.0953,179.3546,35.0,1882,9.0,0.257142857,307.46502860000004,2
21,1.0,1d1e4635-3ffd-44a5-a59e-787d64d1270a,36392084.0,21804.0,2380.0,0.1092,205.5144,35.0,1882,11.0,0.314285714,352.3104,2
22,1.0,1d1e4635-3ffd-44a5-a59e-787d64d1270a,36392084.0,23732.0,3507.0,0.1478,278.1596,35.0,1882,21.0,0.6,476.84502860000003,2
23,1.0,1d1e4635-3ffd-44a5-a59e-787d64d1270a,36392084.0,24724.0,4346.0,0.1758,330.8556,35.0,1882,29.0,0.828571429,567.1810286,2
26,1.0,1e9b9b7d-5b54-4a7b-944d-f23ce9d0eefb,36295213.0,4944.0,650.0,0.1315,250.90200000000002,99.0,1908,13.0,0.131313131,152.06181819999998,2
699,422.0,9f63b3e0-83db-45ef-ba03-885d83274bcd,44151302.0,968.0,48.0,0.0496,422.2944,21.0,8514,6.0,0.28571428600000004,1206.555429,2
671,411.0,c2ea1a50-1770-43f6-a88b-bd3d84825652,44187838.0,9858.0,1286.0,0.1305,432.6075,45.0,3315,156.0,3.4666666669999997,576.81,2
35,1.0,374bcfd7-0663-42c1-86b2-463479f9edfa,34733952.0,5762.0,1670.0,0.2898,578.4408,14.0,1996,51.0,3.642857143,2479.032,2
38,1.0,438b041e-b6dc-4dde-adc3-1d5120d3a36c,36515213.0,6224.0,462.0,0.0742,174.1474,3.0,2347,6.0,2.0,3482.948,2
43,1.0,47bdd77d-4f10-415e-8326-be78c097a337,36520661.0,2628.0,385.0,0.1465,232.34900000000002,4.0,1586,14.0,3.5,3485.235,2
45,1.0,4c4bc330-25de-4fe6-b366-26407fe880f7,34061284.0,4744.0,635.0,0.1339,246.1082,6.0,1838,19.0,3.166666667,2461.0820000000003,2
676,411.0,eb74b06d-d481-4ec3-a294-55ed9bfae78d,44109420.0,1452.0,72.0,0.0496,379.3408,25.0,7648,4.0,0.16,910.41792,2
50,1.0,58a51d8c-2327-459a-93ff-4485012df76d,36325045.0,2022.0,912.0,0.451,612.909,4.0,1359,15.0,3.75,9193.635,2
52,1.0,5c0c092c-4958-422b-8c12-cdd1a4e8bdfd,34059482.0,5554.0,265.0,0.0477,93.3966,6.0,1958,19.0,3.166666667,933.966,2
54,1.0,6de1b534-078d-4e31-9579-f21bbf42291a,34059482.0,4844.0,1240.0,0.256,484.608,7.0,1893,45.0,6.428571429,4153.782857,2
108,1.0,c9ef45ea-eb4c-42ae-989e-1b5dbe67ce2a,36321394.0,9276.0,1939.0,0.209,540.8919999999999,12.0,2588,34.0,2.833333333,2704.46,2
94,1.0,b0fd2231-ef32-4710-b0d5-a194a3e11683,41479011.0,9900.0,495.0,0.05,185.15,20.0,3703,16.0,0.8,555.45,2
117,1.0,d1459854-5da6-4d8e-b2fd-a7899eae876f,36503409.0,3240.0,1057.0,0.3262,519.6366,5.0,1593,29.0,5.8,6235.6392,2
577,405.0,0fba288c-2301-438f-a883-73b8ee272c0c,43889678.0,7588.0,1019.0,0.1343,440.9069,11.0,3283,63.0,5.727272727000001,2404.946727,2
136,1.0,f85ce792-bc9f-445a-b1b5-01956944d0aa,36294438.0,2352.0,715.0,0.304,523.488,23.0,1722,16.0,0.695652174,1365.62087,2
137,1.0,f85ce792-bc9f-445a-b1b5-01956944d0aa,36294438.0,2756.0,1596.0,0.5791,997.2102,9.0,1722,32.0,3.5555555560000003,6648.068,2
138,1.0,f85ce792-bc9f-445a-b1b5-01956944d0aa,36294438.0,2756.0,1596.0,0.5791,997.2102,23.0,1722,32.0,1.391304348,2601.4179129999998,2
594,406.0,f0cb45f0-35c9-4a3c-9755-1003967b65ea,44012046.0,23298.0,660.0,0.0283,93.0504,400.0,3288,34.0,0.085,13.95756,2
118,1.0,d2652cd8-b304-4892-8c34-1777f700eb1a,36330540.0,3218.0,2108.0,0.6551,1185.731,5.0,1810,11.0,2.2,14228.771999999999,2
149,8.0,8075680f-9be7-4982-a8df-07f3cb63d8ed,36594834.0,8446.0,1903.0,0.2253,887.682,9.0,3940,54.0,6.0,5917.88,2
152,8.0,9a8b2d9a-638a-4d86-bc2c-559ad3650265,40391819.0,2314.0,741.0,0.3202,731.6569999999999,13.0,2285,60.0,4.615384615,3376.8784619999997,2
573,402.0,f266e40f-4ee6-4aed-9c87-82a038010700,43633094.0,6096.0,982.0,0.1611,434.4867,17.0,2697,59.0,3.470588235,1533.482471,2
595,406.0,f0cb45f0-35c9-4a3c-9755-1003967b65ea,44012046.0,23856.0,939.0,0.0394,129.5472,400.0,3288,6.0,0.015,19.43208,2
166,24.0,fcaeb519-5ef0-49f3-973a-1f965c899b58,36707573.0,4660.0,233.0,0.05,118.15,117.0,2363,81.0,0.692307692,60.58974359,2
167,24.0,fcaeb519-5ef0-49f3-973a-1f965c899b58,36707573.0,4660.0,233.0,0.05,118.15,22.0,2363,81.0,3.6818181819999998,322.2272727,2
177,125.0,0cc521c3-db3d-410e-9005-4ce578242622,36599316.0,1384.0,217.0,0.1568,272.6752,41.0,1739,50.0,1.219512195,399.036878,2
178,125.0,0cc521c3-db3d-410e-9005-4ce578242622,36602509.0,1675.0,508.0,0.3033,563.5314,39.0,1858,146.0,3.743589744,866.9713846000001,2
565,401.0,9848fff2-7044-40f2-bc9c-123f4b0f9873,43428003.0,2955.0,1431.0,0.4843,1076.5989,50.0,2223,84.0,1.68,1291.91868,2
181,125.0,37c6d71b-7c08-4a97-9995-695f9f9b928e,36659894.0,2493.0,828.0,0.3321,575.1972,39.0,1732,55.0,1.41025641,884.9187691999999,2
184,125.0,688f0ba0-e3e8-40b2-b1fc-e8547e480fac,37357574.0,2982.0,610.0,0.2046,292.3734,42.0,1429,21.0,0.5,417.6762857,2
135,1.0,f85ce792-bc9f-445a-b1b5-01956944d0aa,36294438.0,2352.0,715.0,0.304,523.488,9.0,1722,16.0,1.7777777780000001,3489.92,2
142,8.0,3db79b26-5b9f-4e58-97e7-45a8b790b55b,36684452.0,8367.0,3256.0,0.3891,1028.0022,14.0,2642,83.0,5.928571429,4405.723714,2
596,406.0,f0cb45f0-35c9-4a3c-9755-1003967b65ea,44012046.0,23952.0,963.0,0.0402,132.1776,400.0,3288,2.0,0.005,19.82664,2
130,1.0,ec2b2224-8b2f-4b7a-b7e9-a62a6bd3f52f,36521761.0,1526.0,416.0,0.2726,394.9974,3.0,1449,9.0,3.0,7899.948,2
615,407.0,6b114d4e-8d1c-4231-b6b7-375c35069c86,44046358.0,1536.0,156.0,0.1016,873.0488,33.0,8593,24.0,0.727272727,1587.361455,2
127,1.0,df267307-fce6-4135-bf6e-71dec68a06a4,40383981.0,2484.0,254.0,0.1023,252.7833,6.0,2471,7.0,1.166666667,2527.833,2
128,1.0,e068a50a-dd54-45da-91c1-6f57652578c6,36519766.0,6044.0,709.0,0.1173,248.676,8.0,2120,23.0,2.875,1865.07,2
129,1.0,ec2b2224-8b2f-4b7a-b7e9-a62a6bd3f52f,36521761.0,1526.0,416.0,0.2726,394.9974,6.0,1449,9.0,1.5,3949.974,2
347,261.0,4539e2e3-90e9-419b-acd1-1597fbe4f42d,36760985.0,6136.0,172.0,0.027999999999999997,101.5,12.0,3625,30.0,2.5,507.5,2
132,1.0,f1e85a9d-2cbd-4138-9a8a-d0c4f801e6a8,37437907.0,6624.0,2870.0,0.4333,1205.4406,7.0,2782,51.0,7.285714286,10332.348,2
600,406.0,f7731d6e-7886-4695-8fd7-36f170dc6562,43987148.0,6576.0,4896.0,0.7445,2100.979,108.0,2822,460.0,4.259259258999999,1167.210556,1
568,401.0,9848fff2-7044-40f2-bc9c-123f4b0f9873,43444791.0,7425.0,5901.0,0.7947,2179.8621,172.0,2743,394.0,2.290697674,760.4170116,1
685,412.0,0c293e50-dcb7-48b1-98d7-e63b96d51202,44134910.0,9939.0,8415.0,0.8467,2694.1994,133.0,3182,423.0,3.180451128,1215.428301,1
566,401.0,9848fff2-7044-40f2-bc9c-123f4b0f9873,43429393.0,7341.0,5817.0,0.7924,2105.4068,116.0,2657,375.0,3.2327586210000003,1089.003517,1
463,305.0,87afaed8-2475-485a-8c72-74d62926a51c,38090977.0,15544.0,13492.0,0.868,2623.9640000000004,124.0,3023,297.0,2.39516129,1269.66,1
534,385.0,f5d8795b-3ebf-4a18-80df-6ef4aa29c7d1,42779953.0,5886.0,4362.0,0.7411,2003.9344,126.0,2704,310.0,2.46031746,954.2544762,1
360,261.0,4d774b4c-2b62-4796-bb94-ad14a9bb2595,36824902.0,7528.0,5472.0,0.7269,1457.4345,66.0,2005,493.0,7.46969697,1324.9404550000002,1
467,328.0,de2f2a02-62b7-4346-b92a-13b00ce79e23,40247178.0,8224.0,6000.0,0.7296,7298.9184,63.0,10004,455.0,7.222222222,6951.350856999999,1
640,408.0,21fdce87-e698-49c7-bf62-7aa2ac03220c,44021829.0,2932.0,1873.0,0.6388,1759.2552,53.0,2754,346.0,6.5283018870000005,1991.60966,1
564,401.0,2c8edaba-2387-4a58-bd43-2ef1b3e09139,43446359.0,5469.0,3945.0,0.7213,1892.6912,99.0,2624,336.0,3.3939393939999998,1147.085576,1
656,410.0,2957cea6-5c42-4094-8359-60727745f802,44133905.0,4554.0,3033.0,0.6659999999999999,1715.616,69.0,2576,298.0,4.31884058,1491.84,1
562,401.0,1fc400f7-e671-41d4-a145-6eb1a7856ca8,43435689.0,7044.0,5520.0,0.7836,2111.802,90.0,2695,306.0,3.4,1407.868,1
713,422.0,d96a3326-9a4a-4185-9f06-c694ef7057f1,44141603.0,3482.0,2562.0,0.7358,2222.8518,116.0,3021,432.0,3.7241379310000005,1149.750931,1
557,390.0,7de36bfb-7329-410a-a618-ec862a03accd,42810724.0,24996.0,23616.0,0.9448,4351.7488,85.0,4606,373.0,4.388235293999999,3071.822682,1
353,261.0,4539e2e3-90e9-419b-acd1-1597fbe4f42d,36763932.0,6684.0,4628.0,0.6924,2575.728,53.0,3720,318.0,6.0,2915.918491,1
629,407.0,f8700433-35d8-4aa0-b1f2-63d8b88715a0,44003853.0,5487.0,4107.0,0.7485,1897.4475,99.0,2535,299.0,3.02020202,1149.968182,1
728,424.0,82014d60-826c-4956-892f-0e437e1ed2a2,44199844.0,8433.0,6909.0,0.8193,2212.11,276.0,2700,491.0,1.7789855069999998,480.89347829999997,1
742,424.0,fdf277d4-7457-4b0f-a9b7-b4b9a0132f6f,44153044.0,5451.0,3881.0,0.7120000000000001,1871.136,51.0,2628,387.0,7.5882352939999995,2201.336471,1
682,412.0,0c293e50-dcb7-48b1-98d7-e63b96d51202,44089161.0,9699.0,8175.0,0.8429,2441.8813,60.0,2897,366.0,6.1,2441.8813,1
605,407.0,15ac2f06-2b3a-4676-9a98-0c6caf8c8460,44040007.0,4554.0,3174.0,0.6970000000000001,1637.95,176.0,2350,308.0,1.75,558.3920455,1
666,411.0,7d2792b3-b1e5-4099-be2c-df707fb42d0b,44113324.0,9588.0,6395.0,0.667,1970.985,60.0,2955,382.0,6.3666666670000005,1970.985,1
590,406.0,ee13fd8e-9627-402e-9d3e-07d6f09c8597,44023381.0,5217.0,3537.0,0.6779999999999999,1711.95,85.0,2525,435.0,5.117647058999999,1208.4352939999999,1
400,261.0,be6b0d55-191a-42d0-a879-eeecc544dc05,36906818.0,4732.0,2676.0,0.5655,1023.555,71.0,1810,407.0,5.732394366,864.9760562999999,1
394,261.0,a5559b7c-f8b9-4232-bba1-5af2203097f8,36757456.0,14108.0,12052.0,0.8543,3943.4488,43.0,4616,336.0,7.813953487999999,5502.486698,1
499,379.0,ca0ccb3f-a820-44dc-bde0-da8205f4c21d,41775968.0,6220.0,4773.0,0.7674,2061.2364,61.0,2686,486.0,7.967213115,2027.445639,1
487,364.0,6bfb2dd7-9820-42c7-b82a-537de2172e0e,40667089.0,6702.0,5034.0,0.7511,1886.0121,54.0,2511,378.0,7.0,2095.569,1
453,304.0,311448ec-24bc-42e0-8c5d-d7d4b1880047,37566361.0,15000.0,6956.0,0.4637,1286.7675,65.0,2775,389.0,5.984615385,1187.785385,1
591,406.0,ee13fd8e-9627-402e-9d3e-07d6f09c8597,44027773.0,3192.0,1406.0,0.4405,998.6135,75.0,2267,419.0,5.586666667,798.8908,1
454,304.0,311448ec-24bc-42e0-8c5d-d7d4b1880047,37567402.0,7108.0,4888.0,0.6877,1559.0159,60.0,2267,352.0,5.8666666670000005,1559.0159,1
552,389.0,98255014-39d5-42a5-a5de-7494ec313ee7,42819405.0,5766.0,2076.0,0.36,1065.24,116.0,2959,381.0,3.284482759,550.9862069000001,1
681,411.0,ff514263-a78c-4702-9b37-718022e7b7f6,44192075.0,18510.0,4683.0,0.253,2093.575,328.0,8275,228.0,0.695121951,382.97103660000005,1
581,406.0,d8facddc-edb4-4612-97ff-5a069db847c1,44008098.0,8202.0,6522.0,0.7952,2248.8256,74.0,2828,356.0,4.8108108110000005,1823.3721079999998,1
579,406.0,70e7a7d2-6e10-44de-8162-bc8611d65ee6,44020061.0,5187.0,3507.0,0.6761,1810.5958,63.0,2678,372.0,5.904761905,1724.3769519999998,1
401,261.0,be6b0d55-191a-42d0-a879-eeecc544dc05,36909827.0,8856.0,6800.0,0.7678,1752.8874,80.0,2283,424.0,5.3,1314.66555,1
437,283.0,29bf6b2c-4106-4b9b-83a9-dcef4edef62c,37537258.0,3536.0,1312.0,0.371,3026.989,42.0,8159,130.0,3.095238095,4324.27,1
570,401.0,ddb6d59b-038d-41da-81fa-00d84487081c,43465700.0,11589.0,10065.0,0.8685,2851.2855,202.0,3283,487.0,2.410891089,846.9164850999999,1
645,408.0,f263b22f-c738-4e9b-8cfe-c8b8a7b42b93,44088032.0,4443.0,3683.0,0.8289,2503.278,110.0,3020,219.0,1.990909091,1365.424364,1
380,261.0,858ff2d9-4b66-44ec-8b27-614bc832d176,36793052.0,6320.0,4264.0,0.6747,1341.3036,74.0,1988,400.0,5.405405405,1087.543459,1
680,411.0,ff514263-a78c-4702-9b37-718022e7b7f6,44191444.0,5421.0,4041.0,0.7454,1847.1012,51.0,2478,293.0,5.745098039,2173.0602350000004,1
326,261.0,009b8175-f1ca-4f76-be13-5673098f2d14,36726095.0,10880.0,8824.0,0.8109999999999999,1980.4620000000002,60.0,2442,397.0,6.6166666670000005,1980.4620000000002,1
193,126.0,1d9adefa-660e-4ef1-ba52-35804f55c520,36524212.0,12330.0,11220.0,0.91,7822.36,37.0,8596,249.0,6.72972973,12684.90811,1
218,133.0,994c6021-ae57-4531-ace8-4c2ee91bf920,36524212.0,12330.0,11220.0,0.91,7823.27,36.0,8597,253.0,7.027777778,13038.78333,1
288,259.0,09e5dbaf-a4b7-4e60-8790-4f2125bf59e3,36757060.0,4428.0,3318.0,0.7493,1679.1813,70.0,2241,437.0,6.242857142999999,1439.298257,1
221,250.0,1dc21c0f-c0d8-4411-ba62-1d1c1f7fc47c,36613679.0,9375.0,5214.0,0.5562,2822.1588,79.0,5074,255.0,3.227848101,2143.411747,1
285,259.0,09e5dbaf-a4b7-4e60-8790-4f2125bf59e3,36756723.0,2706.0,1596.0,0.5898,1194.345,55.0,2025,386.0,7.0181818179999995,1302.921818,1
49,1.0,54acc15a-57d6-4bb4-a1da-24c1850e8d93,32879690.0,3790.0,2700.0,0.7124,1745.38,57.0,2450,418.0,7.333333333,1837.242105,1
228,250.0,275b62cf-0d89-44d2-b479-12bcac4c8d09,36744925.0,4839.0,3174.0,0.6559,2396.0027,71.0,3653,406.0,5.718309859,2024.7910140000001,1
233,250.0,53b355d8-e501-47c2-a5b9-3aa72922386a,36763208.0,4473.0,2808.0,0.6278,2302.1426,147.0,3667,226.0,1.537414966,939.6500407999999,1
143,8.0,423bf1ac-1e57-4c57-acf9-d73c47b2559e,36708583.0,12029.0,6737.0,0.5601,3350.5182,41.0,5982,270.0,6.585365854,4903.197365999999,1
271,250.0,f120f1a0-4ccc-4a44-9677-851b19723bda,36755495.0,9621.0,5053.0,0.5252,1480.0136,123.0,2818,469.0,3.81300813,721.9578537000001,1
86,1.0,a9d5d261-57ae-4716-a30a-92699409ce3c,36323968.0,5144.0,4034.0,0.7842,2432.5884,54.0,3102,243.0,4.5,2702.8759999999997,1
269,250.0,f113cdbc-c03b-4cc4-bc3d-de4c005301ec,36706761.0,5526.0,3861.0,0.6987,2872.3557,46.0,4111,275.0,5.97826087,3746.5509130000005,1
241,250.0,77c0d629-ce2a-4103-8157-fccc93d62d62,36707255.0,10626.0,7671.0,0.7219,1888.4904,45.0,2616,348.0,7.733333332999999,2517.9872,1
268,250.0,f0dc25db-45d0-4305-9ef0-29cd85ea22ca,36744470.0,5208.0,3543.0,0.6803,2493.2995,62.0,3665,433.0,6.983870968,2412.870484,1
267,250.0,ee44ab94-02eb-4911-b09d-e54ba737f8b0,36780610.0,4239.0,2574.0,0.6072,2241.7824,66.0,3692,304.0,4.606060606000001,2037.984,1
265,250.0,ee44ab94-02eb-4911-b09d-e54ba737f8b0,36763902.0,6453.0,4788.0,0.742,2816.632,126.0,3796,397.0,3.1507936510000003,1341.253333,1
264,250.0,ee44ab94-02eb-4911-b09d-e54ba737f8b0,36756107.0,5280.0,3615.0,0.6847,2553.2463,35.0,3729,197.0,5.628571429,4376.993657,1
104,1.0,c6a86df9-bde3-473c-a86d-358f0b46d770,36260193.0,7889.0,6342.0,0.8039,1783.0502,49.0,2218,356.0,7.265306122,2183.3267760000003,1
245,250.0,8aed27e2-aa97-4d19-a34c-9b43fac21109,36716248.0,6996.0,5331.0,0.762,3066.288,85.0,4024,489.0,5.752941176,2164.438588,1
250,250.0,8ce51d10-7fa5-452f-88eb-02618369e008,36702468.0,3606.0,1941.0,0.5383,1067.9872,397.0,1984,403.0,1.01511335,161.40864480000002,1
251,250.0,aa948803-9b2d-4563-a782-8061470e3403,36686682.0,6234.0,4569.0,0.7329,1621.9077,95.0,2213,297.0,3.126315789,1024.362758,1
253,250.0,b8ffc2af-977e-41ed-b09c-88d32bad01b1,36771749.0,8826.0,7161.0,0.8114,1938.4346,93.0,2389,413.0,4.440860215,1250.602968,1
259,250.0,cbb60f43-967b-4338-a3df-4b8834f02906,36711903.0,6639.0,4974.0,0.7492,1559.8344,95.0,2082,374.0,3.936842105,985.1585684,1
219,133.0,994c6021-ae57-4531-ace8-4c2ee91bf920,36579430.0,6392.0,5282.0,0.8263,2266.5409,80.0,2743,393.0,4.9125,1699.905675,1
277,251.0,888e1bbd-ade7-4a31-8b69-76f1014afef9,36613679.0,26388.0,5006.0,0.1897,1640.5256,61.0,8648,445.0,7.295081967000001,1613.631738,1
256,250.0,bc43f889-0333-48d8-b17e-3918ca1e1ef8,36662636.0,5694.0,4029.0,0.7076,1426.5216,69.0,2016,348.0,5.043478261000001,1240.453565,1
198,126.0,ad874a06-052e-4706-855b-3eda4ceda380,36579125.0,4620.0,3510.0,0.7597,1632.5953,110.0,2149,473.0,4.3,890.5065273,1
305,259.0,58fb0ded-358a-4ed6-acce-152b70976206,37437651.0,3604.0,2494.0,0.6920000000000001,5868.16,33.0,8480,226.0,6.848484847999999,10669.38182,1
199,126.0,ad874a06-052e-4706-855b-3eda4ceda380,36586021.0,4636.0,3157.0,0.6809999999999999,1456.6589999999999,250.0,2139,296.0,1.1840000000000002,349.59816,1
10,1.0,11f347a2-2f9c-4c55-9fd1-bc25b05ee6ad,33649334.0,8086.0,6996.0,0.8652,1908.6312,99.0,2206,308.0,3.111111111,1156.746182,1
315,259.0,a6201a15-8f8a-445d-a34a-b85dfb32306a,36702589.0,3850.0,2740.0,0.7117,1674.6301,53.0,2353,308.0,5.811320755,1895.8076600000002,1
15,1.0,1b2cd602-d184-401c-bc1e-887af034cc5d,34204542.0,3822.0,2732.0,0.7148,2020.0248,215.0,2826,485.0,2.255813953,563.7278512,1
189,125.0,b7c0e75f-d9d6-4518-9605-e2d160f37fa4,36549674.0,7419.0,5754.0,0.7756,1637.2916,104.0,2111,374.0,3.5961538460000004,944.5913076999999,1
197,126.0,51948097-a988-43db-820e-ed4b05e21f44,36663127.0,3458.0,2348.0,0.679,1374.975,69.0,2025,368.0,5.333333333,1195.630435,1
303,259.0,58fb0ded-358a-4ed6-acce-152b70976206,37436676.0,5928.0,2448.0,0.413,3816.946,83.0,9242,357.0,4.301204819,2759.238072,1
190,125.0,ec229e43-38c8-42bd-9209-15578f93daf9,36672285.0,7914.0,5744.0,0.7258,1751.3554,46.0,2413,320.0,6.956521738999999,2284.376609,1
215,133.0,4bf13806-3d36-403d-be06-48373c6e0f0c,36662684.0,10372.0,8506.0,0.8201,2886.752,99.0,3520,385.0,3.888888889,1749.546667,1
165,24.0,fcaeb519-5ef0-49f3-973a-1f965c899b58,36702468.0,3630.0,2616.0,0.7207,1603.5575,94.0,2225,469.0,4.989361702,1023.5473400000001,1
608,407.0,2f0bf9b1-c529-4153-bd49-20e9d46e33b1,44017588.0,3726.0,2346.0,0.6296,1532.4464,67.0,2434,299.0,4.4626865669999995,1372.34006,0
124,1.0,d8813839-4cfb-4192-afa4-160058590b01,34062118.0,4188.0,2745.0,0.6554,1158.7472,21.0,1768,90.0,4.285714286,3310.706286,0
549,389.0,59fee2e6-e8d2-462f-991d-139820ab7970,42831507.0,3046.0,1458.0,0.4787,1102.9248,136.0,2304,328.0,2.411764706,486.58447060000003,0
601,406.0,f7731d6e-7886-4695-8fd7-36f170dc6562,44007709.0,2907.0,1227.0,0.4221,946.7703,45.0,2243,168.0,3.733333333,1262.3604,0
188,125.0,b7c0e75f-d9d6-4518-9605-e2d160f37fa4,36514116.0,8817.0,3098.0,0.3514,1694.0994,226.0,4821,239.0,1.0575221240000001,449.7609027,0
612,407.0,557462e7-be73-426c-8284-a2ef9fc0001f,44034532.0,2940.0,1560.0,0.5306,749.2072,26.0,1412,186.0,7.153846154,1728.9396920000002,0
131,1.0,f0e0200b-940a-49a9-b8a1-7cbfc6c7233a,36329818.0,6104.0,4994.0,0.8182,1706.7652,11.0,2086,68.0,6.181818182000001,9309.628364,0
183,125.0,688f0ba0-e3e8-40b2-b1fc-e8547e480fac,37351342.0,10455.0,4801.0,0.4592,1266.9328,24.0,2759,183.0,7.625,3167.3320000000003,0
561,391.0,d1b124e0-ae0d-452b-aa8a-17f409f5c686,42805482.0,5841.0,4461.0,0.7637,2139.1237,16.0,2801,92.0,5.75,8021.713875,0
571,401.0,f4b53eea-948c-44c1-a626-a8f60f7534bc,43437097.0,3840.0,2316.0,0.6031,1385.3207,47.0,2297,95.0,2.021276596,1768.4945109999999,0
599,406.0,f3ccff50-fc58-4430-804b-b928b8dba3f9,44010298.0,5568.0,3888.0,0.6983,1314.2006,123.0,1882,307.0,2.495934959,641.0734633999999,0
163,24.0,157a2356-044c-4c76-97e7-571d3f481320,36927523.0,3212.0,1629.0,0.5072,985.9968,65.0,1944,360.0,5.538461538,910.1508923,0
572,402.0,56352eb9-0016-485b-ab29-174ff1349ac2,44705158.0,5751.0,2604.0,0.4528,1381.04,49.0,3050,122.0,2.489795918,1691.069388,0
164,24.0,ee518215-0c04-4b3d-9a94-dd5afd974d1e,36594705.0,3034.0,2020.0,0.6658,1238.388,24.0,1860,131.0,5.458333333,3095.97,0
172,124.0,801d5586-3760-4e4e-a861-e3e7d19ceaf7,36575947.0,3340.0,1767.0,0.529,897.7130000000001,43.0,1697,269.0,6.255813953,1252.622791,0
176,125.0,0cc521c3-db3d-410e-9005-4ce578242622,36592782.0,5119.0,1591.0,0.3108,972.1824,64.0,3128,278.0,4.34375,911.421,0
121,1.0,d8437abf-e66d-49fb-bd4b-16e95fc4723c,36267052.0,5598.0,3522.0,0.6292,1271.6132,19.0,2021,97.0,5.1052631580000005,4015.620632,0
574,403.0,32e91c0b-3b35-470e-8905-cb4307e9420a,43629255.0,4501.0,2814.0,0.6252,1506.7320000000002,31.0,2410,127.0,4.096774194,2916.255484,0
179,125.0,0eeea390-08a6-4f1b-bfd5-0f0e63a984de,36638178.0,5577.0,3912.0,0.7015,1287.954,41.0,1836,230.0,5.609756097999999,1884.810732,0
159,8.0,ce86df48-ad19-478b-a037-d390d52e6ed7,36647032.0,5598.0,1658.0,0.2962,650.7514,57.0,2197,283.0,4.964912281,685.0014737,0
182,125.0,5d64a657-147f-481d-9147-45ee014a633f,37057689.0,2508.0,1341.0,0.5347,1161.9031,213.0,2173,136.0,0.6384976529999999,327.2966479,0
158,8.0,ce86df48-ad19-478b-a037-d390d52e6ed7,36637591.0,10687.0,1311.0,0.1227,326.1366,63.0,2658,303.0,4.80952381,310.6062857,0
151,8.0,8edec827-9700-4fe7-985a-b0a4577086c8,36524210.0,17523.0,1816.0,0.1036,933.6432,91.0,9012,237.0,2.604395604,615.5889231000001,0
180,125.0,0eeea390-08a6-4f1b-bfd5-0f0e63a984de,36640464.0,3273.0,1608.0,0.4913,807.6972,64.0,1644,154.0,2.40625,757.216125,0
563,401.0,1fc400f7-e671-41d4-a145-6eb1a7856ca8,43462423.0,4173.0,2649.0,0.6348,1477.1796,53.0,2327,123.0,2.320754717,1672.278792,0
139,8.0,0d1f8447-916e-43b1-9689-e4f53545f430,40593286.0,8141.0,3988.0,0.4899,1552.4931,8.0,3169,62.0,7.75,11643.69825,0
134,1.0,f85ce792-bc9f-445a-b1b5-01956944d0aa,36292910.0,2464.0,1304.0,0.5292,825.552,213.0,1560,259.0,1.2159624409999998,232.54985919999996,0
133,1.0,f5ae9e4c-07bc-403f-927c-206802bb3394,36302054.0,5456.0,4346.0,0.7966,1525.489,11.0,1915,61.0,5.545454545,8320.849091,0
597,406.0,f0cb45f0-35c9-4a3c-9755-1003967b65ea,44012046.0,24144.0,5127.0,0.2124,698.3712,400.0,3288,113.0,0.2825,104.75568,0
342,261.0,2e5fd721-9cf8-4512-a918-ee43dcd01a9f,36785883.0,6616.0,4560.0,0.6892,1430.09,17.0,2075,110.0,6.470588235,5047.3764710000005,0
618,407.0,83192099-03ff-42ec-9b8a-ed68a9b16bd6,44019175.0,7293.0,2097.0,0.2875,588.5125,32.0,2047,232.0,7.25,1103.4609380000002,0
619,407.0,8e68de20-e181-42c9-95bd-4a6fd890f4a9,43939015.0,26175.0,1951.0,0.0745,742.0945,42.0,9961,270.0,6.428571429,1060.135,0
34,1.0,3730ef56-014c-4f56-8dbe-8b1bde1c61df,36321394.0,9356.0,8246.0,0.8814,2281.0632,11.0,2588,75.0,6.818181817999999,12442.16291,0
683,412.0,0c293e50-dcb7-48b1-98d7-e63b96d51202,44109371.0,5778.0,1715.0,0.2968,738.1416,26.0,2487,163.0,6.269230769,1703.403692,0
684,412.0,0c293e50-dcb7-48b1-98d7-e63b96d51202,44127611.0,5262.0,3738.0,0.7104,1759.6608,58.0,2477,205.0,3.534482759,1820.338759,0
33,1.0,3538a63a-ef5a-48d3-85c0-cd30807e1682,32879690.0,3790.0,2700.0,0.7124,1745.38,3.0,2450,16.0,5.333333333,34907.6,0
686,412.0,1ed2425e-8ecc-4729-9163-1220984af832,44191444.0,5574.0,4050.0,0.7266,1832.4852,58.0,2522,189.0,3.25862069,1895.674345,0
687,412.0,1ed2425e-8ecc-4729-9163-1220984af832,44193145.0,6105.0,4428.0,0.7253,1848.0644,87.0,2548,213.0,2.448275862,1274.527172,0
688,412.0,8fe9e770-5e01-477c-9c5a-2d3bf622930c,44168094.0,4407.0,2883.0,0.6542,1526.9028,60.0,2334,165.0,2.75,1526.9028,0
689,412.0,8fe9e770-5e01-477c-9c5a-2d3bf622930c,44168300.0,4227.0,2348.0,0.5555,1264.318,21.0,2276,117.0,5.571428571,3612.337143,0
690,412.0,bdff5baa-1f4b-4ef3-a1e5-9a1d4744fdf1,44124546.0,4998.0,3474.0,0.6951,1697.4342,40.0,2442,153.0,3.825,2546.1513,0
691,412.0,bdff5baa-1f4b-4ef3-a1e5-9a1d4744fdf1,44139467.0,5142.0,3618.0,0.7036,1702.7120000000002,89.0,2420,188.0,2.112359551,1147.8957300000002,0
692,412.0,bdff5baa-1f4b-4ef3-a1e5-9a1d4744fdf1,44143297.0,6102.0,4578.0,0.7502,1983.5288,83.0,2644,242.0,2.9156626510000003,1433.876241,0
32,1.0,33770213-adb6-49df-9cc8-6dfc090f84d9,36652332.0,2658.0,1548.0,0.5824,1112.384,94.0,1910,344.0,3.659574468,710.0323404000001,0
719,423.0,81ffd00f-b5d0-4b37-b99b-77a8e2b4272e,44203679.0,7173.0,2354.0,0.3282,737.1372,57.0,2246,387.0,6.789473684,775.9338947000001,0
14,1.0,19bcab60-2516-4114-9e09-0bf34ee906c8,32402688.0,6730.0,5604.0,0.8327,1660.4038,27.0,1994,110.0,4.074074073999999,3689.7862219999997,0
725,424.0,62d29497-c3cf-4193-a2d3-c782885f7f56,44160630.0,4560.0,3036.0,0.6658,1593.9252,131.0,2394,195.0,1.4885496180000002,730.0420763,0
726,424.0,62d29497-c3cf-4193-a2d3-c782885f7f56,44174112.0,4008.0,2231.0,0.5566,1348.0852,42.0,2422,173.0,4.119047619,1925.836,0
6,1.0,0b773369-8de5-45bd-974f-b048b844defa,36331448.0,2086.0,976.0,0.4679,601.2515,41.0,1285,254.0,6.195121951,879.8802439,0
743,424.0,fdf277d4-7457-4b0f-a9b7-b4b9a0132f6f,44164430.0,9837.0,4277.0,0.4348,1309.1828,94.0,3011,269.0,2.861702128,835.6485957,0
744,424.0,fdf277d4-7457-4b0f-a9b7-b4b9a0132f6f,44167000.0,3135.0,1611.0,0.5139,1153.1916,210.0,2244,152.0,0.7238095240000001,329.4833143,0
746,427.0,2b92b40e-373e-4dde-9c55-6534f88f8574,44771792.0,6006.0,4608.0,0.7672,2287.7904,10.0,2982,76.0,7.6,13726.7424,0
747,428.0,eb35eeac-f294-44a4-ae4a-f4472c04f268,45445554.0,4046.0,1848.0,0.4567,1394.7618,114.0,3054,281.0,2.464912281,734.0851579,0
40,1.0,470a8607-e28d-4288-b726-a36bc74cbb7c,36330540.0,3654.0,2434.0,0.6661,1178.3309,14.0,1769,102.0,7.285714286,5049.989571,0
44,1.0,499bbff4-37eb-4798-9eb9-bd94e59365bc,33647154.0,4856.0,3766.0,0.7755,1422.267,72.0,1834,150.0,2.083333333,1185.2225,0
675,411.0,eb74b06d-d481-4ec3-a294-55ed9bfae78d,44089161.0,9246.0,3316.0,0.3586,991.529,43.0,2765,244.0,5.674418605,1383.5288369999998,0
80,1.0,9eae9007-a0f3-468a-8077-58817419d03e,36465404.0,6842.0,5732.0,0.8378,1997.3152,8.0,2384,13.0,1.625,14979.864,0
624,407.0,a2ad4028-7803-4df9-a5ad-5164629949e7,44024605.0,8607.0,1042.0,0.1211,424.4555,35.0,3505,207.0,5.914285714,727.638,0
628,407.0,f403dfd1-218a-4d8e-be95-009f92af8036,44056972.0,10305.0,3607.0,0.35,1246.0,14.0,3560,72.0,5.1428571430000005,5340.0,0
120,1.0,d8437abf-e66d-49fb-bd4b-16e95fc4723c,36267052.0,5194.0,3516.0,0.6769,1368.0149,19.0,2021,85.0,4.473684211,4320.047053,0
107,1.0,c7cab7d1-20c0-45ac-89d6-0a6257004e1d,36801346.0,8356.0,4537.0,0.5429999999999999,1804.389,53.0,3323,232.0,4.377358491,2042.7045280000002,0
632,407.0,f8700433-35d8-4aa0-b1f2-63d8b88715a0,44028366.0,5292.0,2448.0,0.4626,1237.455,22.0,2675,145.0,6.590909091,3374.8772729999996,0
192,125.0,f550babb-7286-496b-8fa3-3f082357ae72,36621030.0,12174.0,3717.0,0.3053,899.1085,39.0,2945,259.0,6.641025641000001,1383.243846,0
99,1.0,c3a80784-6f21-4dd0-b60b-bbcf1a70f234,36293324.0,5676.0,3800.0,0.6695,2280.317,73.0,3406,31.0,0.424657534,1874.2331510000001,0
96,1.0,c054e3b3-5758-4f2c-a51a-dd9fbd74e160,36294939.0,6092.0,4982.0,0.8178,2083.7544,13.0,2548,90.0,6.923076922999999,9617.328000000001,0
90,1.0,ab623d13-e16c-4ae0-bc0a-35a84153f797,36316246.0,6292.0,5182.0,0.8236,1741.914,7.0,2115,39.0,5.571428571,14930.69143,0
655,409.0,ae46fb17-524b-45a8-bf18-4f001d47cdba,44027773.0,7628.0,2762.0,0.3621,921.5445,51.0,2545,348.0,6.823529412,1084.17,0
673,411.0,c2ea1a50-1770-43f6-a88b-bd3d84825652,44192297.0,3540.0,2160.0,0.6102,968.3874,42.0,1587,205.0,4.880952381,1383.4105710000001,0
79,1.0,91fd93e4-b05a-4250-a5d2-d7e280c5a966,36253697.0,12914.0,6165.0,0.4774,1335.7652,17.0,2798,97.0,5.705882353,4714.465412,0
658,410.0,7f828046-9b3d-4864-b8cf-a74842349374,44116340.0,11292.0,4197.0,0.3717,1281.6216,49.0,3448,208.0,4.244897958999999,1569.3325710000001,0
661,411.0,642b557c-a5c2-4aa9-b90a-92f18c688606,44163141.0,7458.0,2628.0,0.3524,965.2236,50.0,2739,328.0,6.56,1158.26832,0
78,1.0,8f48ef48-f795-41df-b4e9-ddac7d777f2a,33656802.0,3474.0,2384.0,0.6862,1036.162,88.0,1510,108.0,1.2272727270000001,706.4740909,0
77,1.0,8f48ef48-f795-41df-b4e9-ddac7d777f2a,33656802.0,3474.0,2384.0,0.6862,1036.162,20.0,1510,108.0,5.4,3108.486,0
70,1.0,8425ddeb-edc2-41d7-a753-74e4d6861885,33647154.0,5190.0,4100.0,0.79,1488.36,63.0,1884,75.0,1.19047619,1417.4857140000001,0
667,411.0,7d2792b3-b1e5-4099-be2c-df707fb42d0b,44124546.0,4998.0,2749.0,0.55,1341.45,31.0,2439,174.0,5.612903226,2596.354839,0
60,1.0,7538075d-1935-4d01-9845-7678ad459ccc,36327300.0,2860.0,1750.0,0.6119,913.5667,20.0,1493,130.0,6.5,2740.7001,0
56,1.0,7538075d-1935-4d01-9845-7678ad459ccc,36254631.0,17670.0,16560.0,0.9372,1388.9304,27.0,1482,172.0,6.37037037,3086.512,0
105,1.0,c6a86df9-bde3-473c-a86d-358f0b46d770,36260193.0,16292.0,5408.0,0.3319,736.1542,49.0,2218,160.0,3.2653061219999997,901.4133061000001,0
209,128.0,f600d2ea-2e65-41c1-9e8d-2521dc66100c,36584812.0,9688.0,7464.0,0.7704,1713.3696,9.0,2224,24.0,2.666666667,11422.464,0
195,126.0,1d9adefa-660e-4ef1-ba52-35804f55c520,36590824.0,4296.0,2758.0,0.642,1524.108,28.0,2374,124.0,4.428571429,3265.945714,0
276,251.0,7c59963a-ef76-4750-ad09-e0558f1dea09,36669137.0,4028.0,1804.0,0.4479,550.4691,33.0,1229,243.0,7.3636363639999995,1000.852909,0
289,259.0,0c1b6eb4-7526-4dbf-aecb-ee20e7492d7a,37103039.0,2018.0,908.0,0.45,871.2,35.0,1936,138.0,3.942857143,1493.4857140000001,0
287,259.0,09e5dbaf-a4b7-4e60-8790-4f2125bf59e3,36756917.0,3210.0,2100.0,0.6542,1276.9984,55.0,1952,297.0,5.4,1393.089164,0
286,259.0,09e5dbaf-a4b7-4e60-8790-4f2125bf59e3,36756848.0,1808.0,698.0,0.3861,702.702,40.0,1820,204.0,5.1,1054.053,0
284,259.0,09e5dbaf-a4b7-4e60-8790-4f2125bf59e3,36754206.0,3078.0,1968.0,0.6394,1242.3542,14.0,1943,76.0,5.428571429,5324.375143,0
402,261.0,be6b0d55-191a-42d0-a879-eeecc544dc05,36910766.0,8844.0,5990.0,0.6773,1405.3975,32.0,2075,205.0,6.40625,2635.120313,0
403,261.0,be6b0d55-191a-42d0-a879-eeecc544dc05,36911766.0,3044.0,988.0,0.3246,554.7414,51.0,1709,186.0,3.6470588239999997,652.6369412,0
404,261.0,be6b0d55-191a-42d0-a879-eeecc544dc05,36911896.0,3908.0,1215.0,0.3109,555.2674,46.0,1786,350.0,7.608695652000001,724.2618261,0
406,261.0,d94f1c8f-5ea6-4b04-8b52-253dcc0ae65c,36777494.0,6220.0,4164.0,0.6695,1320.254,25.0,1972,169.0,6.76,3168.6096,0
408,261.0,de464539-c74c-45d3-9b19-2aa06d91f421,36910391.0,4416.0,2360.0,0.5344,1010.0160000000001,37.0,1890,288.0,7.783783784,1637.863784,0
298,259.0,4d3a069a-b7e5-4964-8b94-fdb4f9b13a29,37107805.0,2902.0,1792.0,0.6175,1228.825,47.0,1990,219.0,4.659574468,1568.712766,0
410,261.0,eff94206-4432-4709-bf66-e627d5380fa5,36772253.0,4772.0,2716.0,0.5692,1065.5424,87.0,1872,307.0,3.528735632,734.8568276000001,0
274,251.0,3653c212-215b-441f-96b4-c49b0f5d0302,36802646.0,4276.0,2052.0,0.4799,851.8225,41.0,1775,131.0,3.1951219510000004,1246.569512,0
272,250.0,fe1408ac-5f84-4edd-9507-a42cd1d195d2,36756723.0,4059.0,2394.0,0.5898,1199.6532,25.0,2034,136.0,5.44,2879.16768,0
418,261.0,fe8d7db6-850f-4a8a-92fa-dda04935f86e,36912992.0,4792.0,2736.0,0.5710000000000001,1025.516,50.0,1796,321.0,6.42,1230.6192,0
419,261.0,fe8d7db6-850f-4a8a-92fa-dda04935f86e,36920665.0,7512.0,5456.0,0.7263,1599.3126,39.0,2202,215.0,5.512820512999999,2460.480923,0
270,250.0,f113cdbc-c03b-4cc4-bc3d-de4c005301ec,36710667.0,2721.0,1056.0,0.3881,1333.1235,31.0,3435,69.0,2.225806452,2580.239032,0
422,262.0,0a5c90d0-e6fc-49f6-a470-669f25b957f5,36804245.0,7184.0,4960.0,0.6904,1385.6328,14.0,2007,54.0,3.857142857,5938.426286,0
423,262.0,0a5c90d0-e6fc-49f6-a470-669f25b957f5,36804363.0,6404.0,4180.0,0.6527,1208.1477,19.0,1851,100.0,5.263157895,3815.2032630000003,0
297,259.0,4d3a069a-b7e5-4964-8b94-fdb4f9b13a29,37107450.0,5626.0,2235.0,0.3973,1128.3319999999999,64.0,2840,205.0,3.203125,1057.81125,0
385,261.0,858ff2d9-4b66-44ec-8b27-614bc832d176,36818384.0,5236.0,2962.0,0.5657,1090.6696,60.0,1928,353.0,5.8833333329999995,1090.6696,0
539,386.0,3ff86310-1ad7-43f2-a5b5-eb8d7959dd08,42786749.0,16492.0,1298.0,0.0787,234.1325,98.0,2975,233.0,2.37755102,143.3464286,0
367,261.0,567e9e71-dd2d-4321-87e2-84f0e8d19b69,36763902.0,8604.0,4907.0,0.5703,1154.8575,55.0,2025,319.0,5.8,1259.844545,0
338,261.0,2a24ffc7-deaf-4e4d-99fb-4f675d36d829,36871390.0,6328.0,2891.0,0.4569,910.6017,39.0,1993,229.0,5.871794872000001,1400.925692,0
332,261.0,0e64319d-4891-4b50-9bba-6351c891587a,36889828.0,6448.0,3791.0,0.5879,1214.6014,23.0,2066,158.0,6.869565217000001,3168.525391,0
330,261.0,0e64319d-4891-4b50-9bba-6351c891587a,36847556.0,6512.0,4456.0,0.6843,1370.6529,29.0,2003,188.0,6.482758621,2835.8335859999997,0
3,1.0,0b773369-8de5-45bd-974f-b048b844defa,36329818.0,6104.0,4994.0,0.8182,1706.7652,15.0,2086,65.0,4.333333333,6827.0608,0
323,259.0,f0e586c8-91a0-410e-b75c-63856d0d37c8,36692613.0,7824.0,1784.0,0.228,1075.248,39.0,4716,200.0,5.128205128,1654.227692,0
313,259.0,a13d8dca-062c-41af-9193-69e1dc1d7ae3,36794430.0,2186.0,1076.0,0.4922,919.9218,75.0,1869,263.0,3.5066666669999997,735.93744,0
311,259.0,9d82de59-0e76-4eba-9783-f3ad0e782827,36829391.0,2764.0,1654.0,0.5984,1104.048,33.0,1845,235.0,7.121212121,2007.36,0
306,259.0,82757cc2-2141-4796-be3d-95eaac2e43ed,37232170.0,3958.0,1995.0,0.504,1068.984,31.0,2121,234.0,7.548387097000001,2069.0012899999997,0
369,261.0,5b4e39bc-d46d-484f-858f-74f0e6756fae,36881494.0,6380.0,4324.0,0.6777,1201.5621,30.0,1773,170.0,5.666666667,2403.1242,0
300,259.0,4d3a069a-b7e5-4964-8b94-fdb4f9b13a29,37109807.0,2604.0,1494.0,0.5737,1132.4838,39.0,1974,272.0,6.974358973999999,1742.2827690000001,0
372,261.0,77f75bce-1d3b-465e-9938-efaa8b6936c6,36914884.0,4556.0,1638.0,0.3595,668.3105,23.0,1859,175.0,7.608695652000001,1743.4186960000002,0
374,261.0,80515f53-d41c-4e14-b249-683adddc657c,36718347.0,6480.0,4424.0,0.6827,1274.6009,38.0,1867,220.0,5.789473684,2012.5277370000001,0
375,261.0,80515f53-d41c-4e14-b249-683adddc657c,36724562.0,6404.0,4348.0,0.679,1275.162,99.0,1878,336.0,3.3939393939999998,772.8254545,0
376,261.0,80515f53-d41c-4e14-b249-683adddc657c,36731596.0,5556.0,3500.0,0.6299,1353.0252,45.0,2148,286.0,6.3555555560000005,1804.0336,0
377,261.0,80515f53-d41c-4e14-b249-683adddc657c,36732336.0,6820.0,4764.0,0.6985,1653.3495,65.0,2367,187.0,2.876923077,1526.1687689999999,0
378,261.0,80515f53-d41c-4e14-b249-683adddc657c,36738049.0,5772.0,3716.0,0.6438,1257.9852,77.0,1954,207.0,2.688311688,980.2482077999999,0
301,259.0,50411a5f-5ea9-44da-8328-fd37e9019de7,36881268.0,3660.0,2550.0,0.6967,1672.7767,46.0,2401,185.0,4.02173913,2181.882652,0
381,261.0,858ff2d9-4b66-44ec-8b27-614bc832d176,36794105.0,12856.0,4346.0,0.3381,947.6943,64.0,2803,320.0,5.0,888.4634062999999,0
427,267.0,2cd2f888-7c4c-4012-8477-eb724cea0809,37265840.0,6352.0,4128.0,0.6499,1507.7679999999998,68.0,2320,300.0,4.4117647060000005,1330.383529,0
435,267.0,f5f71647-a1b0-46fb-a112-0ff452e5fc93,37329191.0,5032.0,2808.0,0.5579999999999999,956.97,49.0,1715,260.0,5.306122449,1171.8,0
266,250.0,ee44ab94-02eb-4911-b09d-e54ba737f8b0,36779901.0,3321.0,1656.0,0.4986,1746.5958,57.0,3503,171.0,3.0,1838.5218949999999,0
214,133.0,4bf13806-3d36-403d-be06-48373c6e0f0c,36638178.0,3718.0,2608.0,0.7015,1287.954,42.0,1836,217.0,5.166666667,1839.934286,0
230,250.0,405d0dc8-3494-4b2b-a840-e2720211084a,36721689.0,6852.0,5187.0,0.757,1748.67,37.0,2310,173.0,4.675675676,2835.6810809999997,0
495,379.0,3dec597a-cf2e-45dd-8a5e-49491763b801,41753022.0,9543.0,2179.0,0.2283,2254.6908,9.0,9876,58.0,6.444444444,15031.271999999999,0
229,250.0,3ea51445-accf-4442-bad1-617f81eae9e9,36682598.0,3774.0,2109.0,0.5588,982.3704,29.0,1758,138.0,4.75862069,2032.4904829999998,0
227,250.0,275b62cf-0d89-44d2-b479-12bcac4c8d09,36744461.0,3492.0,1827.0,0.5232,1851.0816,196.0,3538,150.0,0.765306122,566.6576327,0
503,380.0,58a16d39-ec77-45ab-9e25-d4c77da84193,42731505.0,2996.0,1549.0,0.517,1456.389,17.0,2817,85.0,5.0,5140.196471,0
220,133.0,a86020c1-5d8a-43ef-aa11-402a1998a73f,36615028.0,11130.0,3809.0,0.3422,1618.9482,34.0,4731,173.0,5.0882352939999995,2856.967412,0
217,133.0,5a7532ef-59e6-4290-b067-5f96e61b07f1,36608269.0,2838.0,1728.0,0.6089,1058.2682,61.0,1738,216.0,3.540983607,1040.919541,0
216,133.0,5a7532ef-59e6-4290-b067-5f96e61b07f1,36574299.0,2642.0,1532.0,0.5799,1008.4461,77.0,1739,166.0,2.155844156,785.8021557999999,0
345,261.0,411efe87-b340-42cf-812b-a489dd9f8b8f,36865435.0,6756.0,4700.0,0.6957,1488.7979999999998,43.0,2140,243.0,5.651162791,2077.392558,0
450,303.0,7e3a884b-f64f-43e4-ad2b-7c3390390841,37565653.0,4074.0,2409.0,0.5913,1144.1655,37.0,1935,178.0,4.8108108110000005,1855.403514,0
525,385.0,2c9c06d9-eddf-46a9-bc19-bf55b4f241aa,42799284.0,7473.0,3947.0,0.5282,1564.0002,84.0,2961,180.0,2.142857143,1117.143,0
205,128.0,2e687d20-677c-47dd-8914-91dcf7ec9562,36524213.0,23272.0,7023.0,0.3018,2502.5256,29.0,8292,171.0,5.896551724,5177.639172,0
202,127.0,a2880231-3c28-4abd-9ce6-2fa4342203d9,36672001.0,3553.0,1980.0,0.5573,1043.2656,62.0,1872,216.0,3.483870968,1009.6118710000001,0
528,385.0,98f10109-a707-4dc0-a65f-ed55a0f4e5f4,42820246.0,5655.0,4131.0,0.7305,1887.612,81.0,2584,171.0,2.111111111,1398.2311109999998,0
529,385.0,98f10109-a707-4dc0-a65f-ed55a0f4e5f4,42821938.0,5625.0,3804.0,0.6763,1678.5766,39.0,2482,183.0,4.692307692,2582.425538,0
530,385.0,98f10109-a707-4dc0-a65f-ed55a0f4e5f4,42825431.0,9972.0,5419.0,0.5434,1687.257,70.0,3105,246.0,3.5142857139999997,1446.220286,0
531,385.0,98f10109-a707-4dc0-a65f-ed55a0f4e5f4,42826028.0,4449.0,2925.0,0.6575,1620.08,51.0,2464,239.0,4.68627451,1905.9764710000002,0
533,385.0,98f10109-a707-4dc0-a65f-ed55a0f4e5f4,42827210.0,7776.0,4280.0,0.5504,1613.2224,57.0,2931,218.0,3.8245614039999998,1698.128842,0
231,250.0,405d0dc8-3494-4b2b-a840-e2720211084a,36721892.0,3900.0,2235.0,0.5731,1150.2117,86.0,2007,200.0,2.325581395,802.4732791,0
235,250.0,5d068e98-43c8-4ff9-8026-9221f89e4a26,36780715.0,12582.0,10917.0,0.8677,2560.5827,98.0,2951,150.0,1.530612245,1567.703694,0
488,376.0,533adaa5-a776-4a32-80fc-847c19d11d49,40635443.0,8124.0,2769.0,0.3408,917.4336,71.0,2692,227.0,3.1971830989999996,775.296,0
236,250.0,5d068e98-43c8-4ff9-8026-9221f89e4a26,36780715.0,12582.0,10917.0,0.8677,2560.5827,68.0,2951,150.0,2.2058823530000002,2259.337676,0
452,303.0,ebb6b017-839d-4b36-b9de-841f25f3ab06,37855207.0,6744.0,2605.0,0.3863,903.5557,46.0,2339,299.0,6.5,1178.550913,0
263,250.0,e44e63dc-0d52-4745-a017-2523312d33b7,36763208.0,3255.0,1590.0,0.4885,1728.8015,19.0,3539,51.0,2.6842105259999998,5459.373157999999,0
262,250.0,d08962da-27cc-45f8-a21e-c9fb8dcb8fcb,36756379.0,3441.0,1776.0,0.5161,955.8172,48.0,1852,145.0,3.020833333,1194.7715,0
456,304.0,311448ec-24bc-42e0-8c5d-d7d4b1880047,37567866.0,6396.0,4176.0,0.6529,1312.329,43.0,2010,202.0,4.697674419,1831.1567440000001,0
261,250.0,cbb60f43-967b-4338-a3df-4b8834f02906,36712690.0,4368.0,2703.0,0.6188,1152.8244,101.0,1863,317.0,3.138613861,684.8461782,0
260,250.0,cbb60f43-967b-4338-a3df-4b8834f02906,36711908.0,5787.0,4122.0,0.7123,1507.9391,90.0,2117,202.0,2.244444444,1005.292733,0
460,304.0,9d5f18cf-1fb3-4267-9efa-3d59f40e8143,37321656.0,14252.0,2740.0,0.1923,552.4779,25.0,2873,175.0,7.0,1325.94696,0
255,250.0,bc43f889-0333-48d8-b17e-3918ca1e1ef8,36659900.0,12480.0,2935.0,0.2352,690.312,42.0,2935,251.0,5.976190476,986.16,0
254,250.0,bc43f889-0333-48d8-b17e-3918ca1e1ef8,36645822.0,7698.0,5646.0,0.7334,1588.5444,51.0,2166,275.0,5.392156862999999,1868.8757649999998,0
468,356.0,24439a95-58bc-4e9a-a174-2e5d7f9588a8,40483774.0,5019.0,3195.0,0.6366,1169.4342,20.0,1837,145.0,7.25,3508.3026,0
248,250.0,8ce51d10-7fa5-452f-88eb-02618369e008,36702336.0,2979.0,1314.0,0.4411,835.4434,47.0,1894,166.0,3.531914894,1066.5234890000002,0
246,250.0,8ce51d10-7fa5-452f-88eb-02618369e008,36701273.0,3831.0,2166.0,0.5654,1023.9394,67.0,1811,96.0,1.4328358209999998,916.9606567,0
243,250.0,84f7d78b-767a-4b1d-98e4-dd7d22c26f50,36672591.0,6948.0,5283.0,0.7604,1777.8152,51.0,2338,194.0,3.803921569,2091.547294,0
242,250.0,77c0d629-ce2a-4103-8157-fccc93d62d62,36712040.0,6180.0,4515.0,0.7306,1578.8266,67.0,2161,304.0,4.5373134330000005,1413.874567,0
482,364.0,205d605e-7b4a-4e70-9aba-e136f92a4c87,40592808.0,7836.0,6168.0,0.7871,2310.1385,26.0,2935,84.0,3.230769231,5331.088846,0
237,250.0,5d068e98-43c8-4ff9-8026-9221f89e4a26,36781770.0,5088.0,3423.0,0.6728,1435.7552,41.0,2134,295.0,7.195121951,2101.105171,0
486,364.0,39929020-e031-4b4b-b8b6-4a29dd2f3e24,40606244.0,3237.0,1569.0,0.4847,1067.3094,59.0,2202,370.0,6.271186441,1085.39939,0
2,1.0,08988275-1dab-44b9-82c1-a126c16465e3,36321394.0,9356.0,8246.0,0.8814,2281.0632,9.0,2588,19.0,2.111111111,15207.088,0
